round,datetime,load_mw,truthful_price,num_pure_ne,min_ne_price,max_ne_price,avg_ne_price,truthful_profile_is_ne,lowest_price_ne_profile,highest_price_ne_profile
1,2020-07-01 00:00:00,3892.5,28.20955554,324,42.13940841,42.13940841,42.139408409999994,False,"{'Firm_Nuclear': 1.0, 'Firm_Coal': 1.0, 'Firm_CC': 1.5, 'Firm_CT': 1.0, 'Firm_Oil': 1.0}","{'Firm_Nuclear': 1.0, 'Firm_Coal': 1.0, 'Firm_CC': 1.5, 'Firm_CT': 1.0, 'Firm_Oil': 1.0}"
2,2020-07-01 01:00:00,3736.1,28.092938940000003,324,42.13940841,42.13940841,42.139408409999994,False,"{'Firm_Nuclear': 1.0, 'Firm_Coal': 1.0, 'Firm_CC': 1.5, 'Firm_CT': 1.0, 'Firm_Oil': 1.0}","{'Firm_Nuclear': 1.0, 'Firm_Coal': 1.0, 'Firm_CC': 1.5, 'Firm_CT': 1.0, 'Firm_Oil': 1.0}"
3,2020-07-01 02:00:00,3637.7,28.092938940000003,324,42.13940841,42.13940841,42.139408409999994,False,"{'Firm_Nuclear': 1.0, 'Firm_Coal': 1.0, 'Firm_CC': 1.5, 'Firm_CT': 1.0, 'Firm_Oil': 1.0}","{'Firm_Nuclear': 1.0, 'Firm_Coal': 1.0, 'Firm_CC': 1.5, 'Firm_CT': 1.0, 'Firm_Oil': 1.0}"
4,2020-07-01 03:00:00,3642.8,28.092938940000003,324,42.13940841,42.13940841,42.139408409999994,False,"{'Firm_Nuclear': 1.0, 'Firm_Coal': 1.0, 'Firm_CC': 1.5, 'Firm_CT': 1.0, 'Firm_Oil': 1.0}","{'Firm_Nuclear': 1.0, 'Firm_Coal': 1.0, 'Firm_CC': 1.5, 'Firm_CT': 1.0, 'Firm_Oil': 1.0}"
5,2020-07-01 04:00:00,3699.3,28.092938940000003,324,42.13940841,42.13940841,42.139408409999994,False,"{'Firm_Nuclear': 1.0, 'Firm_Coal': 1.0, 'Firm_CC': 1.5, 'Firm_CT': 1.0, 'Firm_Oil': 1.0}","{'Firm_Nuclear': 1.0, 'Firm_Coal': 1.0, 'Firm_CC': 1.5, 'Firm_CT': 1.0, 'Firm_Oil': 1.0}"
6,2020-07-01 05:00:00,3892.2,28.20955554,324,42.13940841,42.13940841,42.139408409999994,False,"{'Firm_Nuclear': 1.0, 'Firm_Coal': 1.0, 'Firm_CC': 1.5, 'Firm_CT': 1.0, 'Firm_Oil': 1.0}","{'Firm_Nuclear': 1.0, 'Firm_Coal': 1.0, 'Firm_CC': 1.5, 'Firm_CT': 1.0, 'Firm_Oil': 1.0}"
7,2020-07-01 06:00:00,4269.1,28.691570820000003,324,42.31433331,42.31433331,42.31433331,False,"{'Firm_Nuclear': 1.0, 'Firm_Coal': 1.0, 'Firm_CC': 1.5, 'Firm_CT': 1.0, 'Firm_Oil': 1.0}","{'Firm_Nuclear': 1.0, 'Firm_Coal': 1.0, 'Firm_CC': 1.5, 'Firm_CT': 1.0, 'Firm_Oil': 1.0}"
8,2020-07-01 07:00:00,4670.8,28.691570820000003,112,47.47598742,140.36751420000002,127.09729608857141,False,"{'Firm_Nuclear': 1.0, 'Firm_Coal': 2.0, 'Firm_CC': 1.1, 'Firm_CT': 1.0, 'Firm_Oil': 1.0}","{'Firm_Nuclear': 1.0, 'Firm_Coal': 1.0, 'Firm_CC': 5.0, 'Firm_CT': 1.0, 'Firm_Oil': 1.0}"
9,2020-07-01 08:00:00,5079.3,30.41360928,1188,280.73502840000003,280.73502840000003,280.7350284,False,"{'Firm_Nuclear': 1.0, 'Firm_Coal': 1.0, 'Firm_CC': 10.0, 'Firm_CT': 1.0, 'Firm_Oil': 1.0}","{'Firm_Nuclear': 1.0, 'Firm_Coal': 1.0, 'Firm_CC': 10.0, 'Firm_CT': 1.0, 'Firm_Oil': 1.0}"
10,2020-07-01 09:00:00,5449.4,30.84120348,2208,280.92938940000005,280.92938940000005,280.92938940000005,False,"{'Firm_Nuclear': 1.0, 'Firm_Coal': 1.0, 'Firm_CC': 10.0, 'Firm_CT': 1.0, 'Firm_Oil': 1.0}","{'Firm_Nuclear': 1.0, 'Firm_Coal': 1.0, 'Firm_CC': 10.0, 'Firm_CT': 1.0, 'Firm_Oil': 1.0}"
11,2020-07-01 10:00:00,5800.2,30.91117344,2946,138.01395114000002,282.0955554,281.2152197324237,False,"{'Firm_Nuclear': 1.0, 'Firm_Coal': 6.0, 'Firm_CC': 1.0, 'Firm_CT': 1.0, 'Firm_Oil': 1.0}","{'Firm_Nuclear': 1.0, 'Firm_Coal': 1.0, 'Firm_CC': 10.0, 'Firm_CT': 1.0, 'Firm_Oil': 1.0}"
12,2020-07-01 11:00:00,6075.1,40.20162924,3312,286.91570820000004,286.91570820000004,286.91570820000015,False,"{'Firm_Nuclear': 1.0, 'Firm_Coal': 1.0, 'Firm_CC': 10.0, 'Firm_CT': 1.0, 'Firm_Oil': 1.0}","{'Firm_Nuclear': 1.0, 'Firm_Coal': 1.0, 'Firm_CC': 10.0, 'Firm_CT': 1.0, 'Firm_Oil': 1.0}"
13,2020-07-01 12:00:00,6323.1,44.2559997,3830,231.8412833,286.91570820000004,280.1572278597912,False,"{'Firm_Nuclear': 1.0, 'Firm_Coal': 10.0, 'Firm_CC': 1.0, 'Firm_CT': 1.0, 'Firm_Oil': 1.0}","{'Firm_Nuclear': 1.0, 'Firm_Coal': 1.0, 'Firm_CC': 10.0, 'Firm_CT': 1.0, 'Firm_Oil': 1.0}"
14,2020-07-01 13:00:00,6498.5,46.89542208,4368,237.3799371,286.91570820000004,275.48437640769237,False,"{'Firm_Nuclear': 1.0, 'Firm_Coal': 10.0, 'Firm_CC': 1.0, 'Firm_CT': 1.0, 'Firm_Oil': 1.0}","{'Firm_Nuclear': 1.0, 'Firm_Coal': 1.0, 'Firm_CC': 10.0, 'Firm_CT': 1.0, 'Firm_Oil': 1.0}"
15,2020-07-01 14:00:00,6639.0,49.4648745,2184,237.3799371,304.1360928,265.62292605,False,"{'Firm_Nuclear': 1.0, 'Firm_Coal': 10.0, 'Firm_CC': 1.0, 'Firm_CT': 1.0, 'Firm_Oil': 1.0}","{'Firm_Nuclear': 1.0, 'Firm_Coal': 1.0, 'Firm_CC': 10.0, 'Firm_CT': 1.0, 'Firm_Oil': 2.0}"
16,2020-07-01 15:00:00,6627.7,49.4648745,2184,237.3799371,303.0097332,265.1463892961538,False,"{'Firm_Nuclear': 1.0, 'Firm_Coal': 10.0, 'Firm_CC': 1.0, 'Firm_CT': 1.0, 'Firm_Oil': 1.0}","{'Firm_Nuclear': 1.0, 'Firm_Coal': 1.0, 'Firm_CC': 10.0, 'Firm_CT': 1.0, 'Firm_Oil': 2.0}"
17,2020-07-01 16:00:00,6450.2,46.89542208,4224,237.3799371,286.91570820000004,276.783391384091,False,"{'Firm_Nuclear': 1.0, 'Firm_Coal': 10.0, 'Firm_CC': 1.0, 'Firm_CT': 1.0, 'Firm_Oil': 1.0}","{'Firm_Nuclear': 1.0, 'Firm_Coal': 1.0, 'Firm_CC': 10.0, 'Firm_CT': 1.0, 'Firm_Oil': 1.0}"
18,2020-07-01 17:00:00,6199.0,44.2559997,3504,230.0232519,286.91570820000004,283.9931505133562,False,"{'Firm_Nuclear': 1.0, 'Firm_Coal': 10.0, 'Firm_CC': 1.0, 'Firm_CT': 1.0, 'Firm_Oil': 1.0}","{'Firm_Nuclear': 1.0, 'Firm_Coal': 1.0, 'Firm_CC': 10.0, 'Firm_CT': 1.0, 'Firm_Oil': 1.0}"
19,2020-07-01 18:00:00,5907.7,30.91117344,3024,138.01395114000002,282.0955554,279.8085458085715,False,"{'Firm_Nuclear': 1.0, 'Firm_Coal': 6.0, 'Firm_CC': 1.0, 'Firm_CT': 1.0, 'Firm_Oil': 1.0}","{'Firm_Nuclear': 1.0, 'Firm_Coal': 1.0, 'Firm_CC': 10.0, 'Firm_CT': 1.0, 'Firm_Oil': 1.0}"
20,2020-07-01 19:00:00,5817.1,30.91117344,2946,138.01395114000002,282.0955554,281.2152197324237,False,"{'Firm_Nuclear': 1.0, 'Firm_Coal': 6.0, 'Firm_CC': 1.0, 'Firm_CT': 1.0, 'Firm_Oil': 1.0}","{'Firm_Nuclear': 1.0, 'Firm_Coal': 1.0, 'Firm_CC': 10.0, 'Firm_CT': 1.0, 'Firm_Oil': 1.0}"
21,2020-07-01 20:00:00,5565.3,30.91117344,2400,280.92938940000005,280.92938940000005,280.92938940000005,False,"{'Firm_Nuclear': 1.0, 'Firm_Coal': 1.0, 'Firm_CC': 10.0, 'Firm_CT': 1.0, 'Firm_Oil': 1.0}","{'Firm_Nuclear': 1.0, 'Firm_Coal': 1.0, 'Firm_CC': 10.0, 'Firm_CT': 1.0, 'Firm_Oil': 1.0}"
22,2020-07-01 21:00:00,5086.3,30.41360928,1188,280.73502840000003,280.73502840000003,280.7350284,False,"{'Firm_Nuclear': 1.0, 'Firm_Coal': 1.0, 'Firm_CC': 10.0, 'Firm_CT': 1.0, 'Firm_Oil': 1.0}","{'Firm_Nuclear': 1.0, 'Firm_Coal': 1.0, 'Firm_CC': 10.0, 'Firm_CT': 1.0, 'Firm_Oil': 1.0}"
23,2020-07-01 22:00:00,4604.7,28.691570820000003,88,140.36751420000002,140.36751420000002,140.3675142,False,"{'Firm_Nuclear': 1.0, 'Firm_Coal': 1.0, 'Firm_CC': 5.0, 'Firm_CT': 1.0, 'Firm_Oil': 1.0}","{'Firm_Nuclear': 1.0, 'Firm_Coal': 1.0, 'Firm_CC': 5.0, 'Firm_CT': 1.0, 'Firm_Oil': 1.0}"
24,2020-07-01 23:00:00,4223.2,28.691570820000003,324,42.31433331,42.31433331,42.31433331,False,"{'Firm_Nuclear': 1.0, 'Firm_Coal': 1.0, 'Firm_CC': 1.5, 'Firm_CT': 1.0, 'Firm_Oil': 1.0}","{'Firm_Nuclear': 1.0, 'Firm_Coal': 1.0, 'Firm_CC': 1.5, 'Firm_CT': 1.0, 'Firm_Oil': 1.0}"
25,2020-07-02 00:00:00,3961.3,28.20955554,324,42.31433331,42.31433331,42.31433331,False,"{'Firm_Nuclear': 1.0, 'Firm_Coal': 1.0, 'Firm_CC': 1.5, 'Firm_CT': 1.0, 'Firm_Oil': 1.0}","{'Firm_Nuclear': 1.0, 'Firm_Coal': 1.0, 'Firm_CC': 1.5, 'Firm_CT': 1.0, 'Firm_Oil': 1.0}"
26,2020-07-02 01:00:00,3768.7,28.092938940000003,324,42.13940841,42.13940841,42.139408409999994,False,"{'Firm_Nuclear': 1.0, 'Firm_Coal': 1.0, 'Firm_CC': 1.5, 'Firm_CT': 1.0, 'Firm_Oil': 1.0}","{'Firm_Nuclear': 1.0, 'Firm_Coal': 1.0, 'Firm_CC': 1.5, 'Firm_CT': 1.0, 'Firm_Oil': 1.0}"
27,2020-07-02 02:00:00,3647.2,28.092938940000003,324,42.13940841,42.13940841,42.139408409999994,False,"{'Firm_Nuclear': 1.0, 'Firm_Coal': 1.0, 'Firm_CC': 1.5, 'Firm_CT': 1.0, 'Firm_Oil': 1.0}","{'Firm_Nuclear': 1.0, 'Firm_Coal': 1.0, 'Firm_CC': 1.5, 'Firm_CT': 1.0, 'Firm_Oil': 1.0}"
28,2020-07-02 03:00:00,3634.5,28.092938940000003,324,42.13940841,42.13940841,42.139408409999994,False,"{'Firm_Nuclear': 1.0, 'Firm_Coal': 1.0, 'Firm_CC': 1.5, 'Firm_CT': 1.0, 'Firm_Oil': 1.0}","{'Firm_Nuclear': 1.0, 'Firm_Coal': 1.0, 'Firm_CC': 1.5, 'Firm_CT': 1.0, 'Firm_Oil': 1.0}"
29,2020-07-02 04:00:00,3664.1,28.092938940000003,324,42.13940841,42.13940841,42.139408409999994,False,"{'Firm_Nuclear': 1.0, 'Firm_Coal': 1.0, 'Firm_CC': 1.5, 'Firm_CT': 1.0, 'Firm_Oil': 1.0}","{'Firm_Nuclear': 1.0, 'Firm_Coal': 1.0, 'Firm_CC': 1.5, 'Firm_CT': 1.0, 'Firm_Oil': 1.0}"
30,2020-07-02 05:00:00,3836.1,28.20955554,324,42.13940841,42.13940841,42.139408409999994,False,"{'Firm_Nuclear': 1.0, 'Firm_Coal': 1.0, 'Firm_CC': 1.5, 'Firm_CT': 1.0, 'Firm_Oil': 1.0}","{'Firm_Nuclear': 1.0, 'Firm_Coal': 1.0, 'Firm_CC': 1.5, 'Firm_CT': 1.0, 'Firm_Oil': 1.0}"
31,2020-07-02 06:00:00,4220.6,28.691570820000003,324,42.31433331,42.31433331,42.31433331,False,"{'Firm_Nuclear': 1.0, 'Firm_Coal': 1.0, 'Firm_CC': 1.5, 'Firm_CT': 1.0, 'Firm_Oil': 1.0}","{'Firm_Nuclear': 1.0, 'Firm_Coal': 1.0, 'Firm_CC': 1.5, 'Firm_CT': 1.0, 'Firm_Oil': 1.0}"
32,2020-07-02 07:00:00,4663.6,28.691570820000003,112,47.47598742,140.36751420000002,127.09729608857141,False,"{'Firm_Nuclear': 1.0, 'Firm_Coal': 2.0, 'Firm_CC': 1.1, 'Firm_CT': 1.0, 'Firm_Oil': 1.0}","{'Firm_Nuclear': 1.0, 'Firm_Coal': 1.0, 'Firm_CC': 5.0, 'Firm_CT': 1.0, 'Firm_Oil': 1.0}"
33,2020-07-02 08:00:00,5096.4,30.41360928,1221,280.73502840000003,280.73502840000003,280.7350284,False,"{'Firm_Nuclear': 1.0, 'Firm_Coal': 1.0, 'Firm_CC': 10.0, 'Firm_CT': 1.0, 'Firm_Oil': 1.0}","{'Firm_Nuclear': 1.0, 'Firm_Coal': 1.0, 'Firm_CC': 10.0, 'Firm_CT': 1.0, 'Firm_Oil': 1.0}"
34,2020-07-02 09:00:00,5483.1,30.84120348,2256,280.92938940000005,280.92938940000005,280.92938940000005,False,"{'Firm_Nuclear': 1.0, 'Firm_Coal': 1.0, 'Firm_CC': 10.0, 'Firm_CT': 1.0, 'Firm_Oil': 1.0}","{'Firm_Nuclear': 1.0, 'Firm_Coal': 1.0, 'Firm_CC': 10.0, 'Firm_CT': 1.0, 'Firm_Oil': 1.0}"
35,2020-07-02 10:00:00,5843.5,30.91117344,2946,138.01395114000002,282.0955554,281.2152197324237,False,"{'Firm_Nuclear': 1.0, 'Firm_Coal': 6.0, 'Firm_CC': 1.0, 'Firm_CT': 1.0, 'Firm_Oil': 1.0}","{'Firm_Nuclear': 1.0, 'Firm_Coal': 1.0, 'Firm_CC': 10.0, 'Firm_CT': 1.0, 'Firm_Oil': 1.0}"
36,2020-07-02 11:00:00,6154.4,44.2559997,3458,230.0232519,286.91570820000004,284.51365538918463,False,"{'Firm_Nuclear': 1.0, 'Firm_Coal': 10.0, 'Firm_CC': 1.0, 'Firm_CT': 1.0, 'Firm_Oil': 1.0}","{'Firm_Nuclear': 1.0, 'Firm_Coal': 1.0, 'Firm_CC': 10.0, 'Firm_CT': 1.0, 'Firm_Oil': 1.0}"
37,2020-07-02 12:00:00,6449.9,46.89542208,4224,237.3799371,286.91570820000004,276.783391384091,False,"{'Firm_Nuclear': 1.0, 'Firm_Coal': 10.0, 'Firm_CC': 1.0, 'Firm_CT': 1.0, 'Firm_Oil': 1.0}","{'Firm_Nuclear': 1.0, 'Firm_Coal': 1.0, 'Firm_CC': 10.0, 'Firm_CT': 1.0, 'Firm_Oil': 1.0}"
38,2020-07-02 13:00:00,6689.1,49.4648745,4956,237.3799371,304.1360928,287.1641888084746,False,"{'Firm_Nuclear': 1.0, 'Firm_Coal': 10.0, 'Firm_CC': 1.0, 'Firm_CT': 1.0, 'Firm_Oil': 1.0}","{'Firm_Nuclear': 1.0, 'Firm_Coal': 1.0, 'Firm_CC': 10.0, 'Firm_CT': 1.0, 'Firm_Oil': 1.0}"
39,2020-07-02 14:00:00,6854.6,50.8837098,5376,241.9672954,304.1360928,284.70834361249996,False,"{'Firm_Nuclear': 1.0, 'Firm_Coal': 10.0, 'Firm_CC': 1.0, 'Firm_CT': 1.0, 'Firm_Oil': 1.0}","{'Firm_Nuclear': 1.0, 'Firm_Coal': 1.0, 'Firm_CC': 10.0, 'Firm_CT': 1.0, 'Firm_Oil': 1.0}"
40,2020-07-02 15:00:00,6888.7,50.8837098,9720,245.0325809,494.648745,378.4470262595061,False,"{'Firm_Nuclear': 1.0, 'Firm_Coal': 10.0, 'Firm_CC': 1.0, 'Firm_CT': 1.0, 'Firm_Oil': 1.0}","{'Firm_Nuclear': 1.0, 'Firm_Coal': 1.0, 'Firm_CC': 1.0, 'Firm_CT': 10.0, 'Firm_Oil': 1.0}"
41,2020-07-02 16:00:00,6769.5,50.73210822,6972,241.9672954,468.95422080000003,340.5590218481928,False,"{'Firm_Nuclear': 1.0, 'Firm_Coal': 10.0, 'Firm_CC': 1.0, 'Firm_CT': 1.0, 'Firm_Oil': 1.0}","{'Firm_Nuclear': 1.0, 'Firm_Coal': 1.0, 'Firm_CC': 1.0, 'Firm_CT': 10.0, 'Firm_Oil': 1.0}"
42,2020-07-02 17:00:00,6428.7,44.2559997,4368,237.3799371,286.91570820000004,275.48437640769237,False,"{'Firm_Nuclear': 1.0, 'Firm_Coal': 10.0, 'Firm_CC': 1.0, 'Firm_CT': 1.0, 'Firm_Oil': 1.0}","{'Firm_Nuclear': 1.0, 'Firm_Coal': 1.0, 'Firm_CC': 10.0, 'Firm_CT': 1.0, 'Firm_Oil': 1.0}"
43,2020-07-02 18:00:00,6138.8,44.2559997,3454,230.0232519,286.91570820000004,284.57675950440085,False,"{'Firm_Nuclear': 1.0, 'Firm_Coal': 10.0, 'Firm_CC': 1.0, 'Firm_CT': 1.0, 'Firm_Oil': 1.0}","{'Firm_Nuclear': 1.0, 'Firm_Coal': 1.0, 'Firm_CC': 10.0, 'Firm_CT': 1.0, 'Firm_Oil': 1.0}"
44,2020-07-02 19:00:00,6017.1,40.20162924,3216,286.91570820000004,286.91570820000004,286.9157082000001,False,"{'Firm_Nuclear': 1.0, 'Firm_Coal': 1.0, 'Firm_CC': 10.0, 'Firm_CT': 1.0, 'Firm_Oil': 1.0}","{'Firm_Nuclear': 1.0, 'Firm_Coal': 1.0, 'Firm_CC': 10.0, 'Firm_CT': 1.0, 'Firm_Oil': 1.0}"
45,2020-07-02 20:00:00,5741.7,30.91117344,2928,282.0955554,282.0955554,282.0955554000001,False,"{'Firm_Nuclear': 1.0, 'Firm_Coal': 1.0, 'Firm_CC': 10.0, 'Firm_CT': 1.0, 'Firm_Oil': 1.0}","{'Firm_Nuclear': 1.0, 'Firm_Coal': 1.0, 'Firm_CC': 10.0, 'Firm_CT': 1.0, 'Firm_Oil': 1.0}"
46,2020-07-02 21:00:00,5309.6,30.84120348,1680,280.92938940000005,280.92938940000005,280.9293894000001,False,"{'Firm_Nuclear': 1.0, 'Firm_Coal': 1.0, 'Firm_CC': 10.0, 'Firm_CT': 1.0, 'Firm_Oil': 1.0}","{'Firm_Nuclear': 1.0, 'Firm_Coal': 1.0, 'Firm_CC': 10.0, 'Firm_CT': 1.0, 'Firm_Oil': 1.0}"
47,2020-07-02 22:00:00,4755.8,28.691570820000003,145,48.39345908,140.36751420000002,134.65877974427582,False,"{'Firm_Nuclear': 1.0, 'Firm_Coal': 2.0, 'Firm_CC': 1.1, 'Firm_CT': 1.1, 'Firm_Oil': 1.0}","{'Firm_Nuclear': 1.0, 'Firm_Coal': 1.0, 'Firm_CC': 5.0, 'Firm_CT': 1.0, 'Firm_Oil': 1.0}"
48,2020-07-02 23:00:00,4360.3,28.691570820000003,81,43.03735623,43.03735623,43.03735623,False,"{'Firm_Nuclear': 1.0, 'Firm_Coal': 1.0, 'Firm_CC': 1.5, 'Firm_CT': 1.0, 'Firm_Oil': 1.0}","{'Firm_Nuclear': 1.0, 'Firm_Coal': 1.0, 'Firm_CC': 1.5, 'Firm_CT': 1.0, 'Firm_Oil': 1.0}"
49,2020-07-03 00:00:00,4090.7,28.20955554,324,42.31433331,42.31433331,42.31433331,False,"{'Firm_Nuclear': 1.0, 'Firm_Coal': 1.0, 'Firm_CC': 1.5, 'Firm_CT': 1.0, 'Firm_Oil': 1.0}","{'Firm_Nuclear': 1.0, 'Firm_Coal': 1.0, 'Firm_CC': 1.5, 'Firm_CT': 1.0, 'Firm_Oil': 1.0}"
50,2020-07-03 01:00:00,3899.4,28.20955554,324,42.13940841,42.13940841,42.139408409999994,False,"{'Firm_Nuclear': 1.0, 'Firm_Coal': 1.0, 'Firm_CC': 1.5, 'Firm_CT': 1.0, 'Firm_Oil': 1.0}","{'Firm_Nuclear': 1.0, 'Firm_Coal': 1.0, 'Firm_CC': 1.5, 'Firm_CT': 1.0, 'Firm_Oil': 1.0}"
51,2020-07-03 02:00:00,3765.2,28.092938940000003,324,42.13940841,42.13940841,42.139408409999994,False,"{'Firm_Nuclear': 1.0, 'Firm_Coal': 1.0, 'Firm_CC': 1.5, 'Firm_CT': 1.0, 'Firm_Oil': 1.0}","{'Firm_Nuclear': 1.0, 'Firm_Coal': 1.0, 'Firm_CC': 1.5, 'Firm_CT': 1.0, 'Firm_Oil': 1.0}"
52,2020-07-03 03:00:00,3739.6,28.092938940000003,324,42.13940841,42.13940841,42.139408409999994,False,"{'Firm_Nuclear': 1.0, 'Firm_Coal': 1.0, 'Firm_CC': 1.5, 'Firm_CT': 1.0, 'Firm_Oil': 1.0}","{'Firm_Nuclear': 1.0, 'Firm_Coal': 1.0, 'Firm_CC': 1.5, 'Firm_CT': 1.0, 'Firm_Oil': 1.0}"
53,2020-07-03 04:00:00,3745.5,28.092938940000003,324,42.13940841,42.13940841,42.139408409999994,False,"{'Firm_Nuclear': 1.0, 'Firm_Coal': 1.0, 'Firm_CC': 1.5, 'Firm_CT': 1.0, 'Firm_Oil': 1.0}","{'Firm_Nuclear': 1.0, 'Firm_Coal': 1.0, 'Firm_CC': 1.5, 'Firm_CT': 1.0, 'Firm_Oil': 1.0}"
54,2020-07-03 05:00:00,3914.5,28.20955554,324,42.13940841,42.13940841,42.139408409999994,False,"{'Firm_Nuclear': 1.0, 'Firm_Coal': 1.0, 'Firm_CC': 1.5, 'Firm_CT': 1.0, 'Firm_Oil': 1.0}","{'Firm_Nuclear': 1.0, 'Firm_Coal': 1.0, 'Firm_CC': 1.5, 'Firm_CT': 1.0, 'Firm_Oil': 1.0}"
55,2020-07-03 06:00:00,4297.2,28.691570820000003,108,42.31433331,42.31433331,42.31433330999999,False,"{'Firm_Nuclear': 1.0, 'Firm_Coal': 1.0, 'Firm_CC': 1.5, 'Firm_CT': 1.0, 'Firm_Oil': 1.0}","{'Firm_Nuclear': 1.0, 'Firm_Coal': 1.0, 'Firm_CC': 1.5, 'Firm_CT': 1.0, 'Firm_Oil': 1.0}"
56,2020-07-03 07:00:00,4711.1,28.691570820000003,112,47.47598742,140.36751420000002,127.09729608857141,False,"{'Firm_Nuclear': 1.0, 'Firm_Coal': 2.0, 'Firm_CC': 1.1, 'Firm_CT': 1.0, 'Firm_Oil': 1.0}","{'Firm_Nuclear': 1.0, 'Firm_Coal': 1.0, 'Firm_CC': 5.0, 'Firm_CT': 1.0, 'Firm_Oil': 1.0}"
57,2020-07-03 08:00:00,5166.9,30.41360928,1257,280.73502840000003,280.73502840000003,280.7350284,False,"{'Firm_Nuclear': 1.0, 'Firm_Coal': 1.0, 'Firm_CC': 10.0, 'Firm_CT': 1.0, 'Firm_Oil': 1.0}","{'Firm_Nuclear': 1.0, 'Firm_Coal': 1.0, 'Firm_CC': 10.0, 'Firm_CT': 1.0, 'Firm_Oil': 1.0}"
58,2020-07-03 09:00:00,5564.7,30.91117344,2400,280.92938940000005,280.92938940000005,280.92938940000005,False,"{'Firm_Nuclear': 1.0, 'Firm_Coal': 1.0, 'Firm_CC': 10.0, 'Firm_CT': 1.0, 'Firm_Oil': 1.0}","{'Firm_Nuclear': 1.0, 'Firm_Coal': 1.0, 'Firm_CC': 10.0, 'Firm_CT': 1.0, 'Firm_Oil': 1.0}"
59,2020-07-03 10:00:00,5933.7,40.20162924,3082,138.01395114000002,282.0955554,279.38409107583396,False,"{'Firm_Nuclear': 1.0, 'Firm_Coal': 6.0, 'Firm_CC': 1.0, 'Firm_CT': 1.0, 'Firm_Oil': 1.0}","{'Firm_Nuclear': 1.0, 'Firm_Coal': 1.0, 'Firm_CC': 10.0, 'Firm_CT': 1.0, 'Firm_Oil': 1.0}"
60,2020-07-03 11:00:00,6244.9,44.2559997,3808,231.8412833,286.91570820000004,280.4363640941178,False,"{'Firm_Nuclear': 1.0, 'Firm_Coal': 10.0, 'Firm_CC': 1.0, 'Firm_CT': 1.0, 'Firm_Oil': 1.0}","{'Firm_Nuclear': 1.0, 'Firm_Coal': 1.0, 'Firm_CC': 10.0, 'Firm_CT': 1.0, 'Firm_Oil': 1.0}"
61,2020-07-03 12:00:00,6505.9,46.89542208,4548,237.3799371,286.91570820000004,273.97628514221645,False,"{'Firm_Nuclear': 1.0, 'Firm_Coal': 10.0, 'Firm_CC': 1.0, 'Firm_CT': 1.0, 'Firm_Oil': 1.0}","{'Firm_Nuclear': 1.0, 'Firm_Coal': 1.0, 'Firm_CC': 10.0, 'Firm_CT': 1.0, 'Firm_Oil': 1.0}"
62,2020-07-03 13:00:00,6715.2,50.73210822,4956,237.3799371,304.1360928,287.1641888084746,False,"{'Firm_Nuclear': 1.0, 'Firm_Coal': 10.0, 'Firm_CC': 1.0, 'Firm_CT': 1.0, 'Firm_Oil': 1.0}","{'Firm_Nuclear': 1.0, 'Firm_Coal': 1.0, 'Firm_CC': 10.0, 'Firm_CT': 1.0, 'Firm_Oil': 1.0}"
63,2020-07-03 14:00:00,6859.0,50.8837098,5376,241.9672954,304.1360928,284.70834361249996,False,"{'Firm_Nuclear': 1.0, 'Firm_Coal': 10.0, 'Firm_CC': 1.0, 'Firm_CT': 1.0, 'Firm_Oil': 1.0}","{'Firm_Nuclear': 1.0, 'Firm_Coal': 1.0, 'Firm_CC': 10.0, 'Firm_CT': 1.0, 'Firm_Oil': 1.0}"
64,2020-07-03 15:00:00,6895.7,50.8837098,9720,245.0325809,494.648745,378.4470262595061,False,"{'Firm_Nuclear': 1.0, 'Firm_Coal': 10.0, 'Firm_CC': 1.0, 'Firm_CT': 1.0, 'Firm_Oil': 1.0}","{'Firm_Nuclear': 1.0, 'Firm_Coal': 1.0, 'Firm_CC': 1.0, 'Firm_CT': 10.0, 'Firm_Oil': 1.0}"
65,2020-07-03 16:00:00,6783.6,50.73210822,7644,241.9672954,468.95422080000003,351.8465118659341,False,"{'Firm_Nuclear': 1.0, 'Firm_Coal': 10.0, 'Firm_CC': 1.0, 'Firm_CT': 1.0, 'Firm_Oil': 1.0}","{'Firm_Nuclear': 1.0, 'Firm_Coal': 1.0, 'Firm_CC': 1.0, 'Firm_CT': 10.0, 'Firm_Oil': 1.0}"
66,2020-07-03 17:00:00,6494.3,46.89542208,4368,237.3799371,286.91570820000004,275.48437640769237,False,"{'Firm_Nuclear': 1.0, 'Firm_Coal': 10.0, 'Firm_CC': 1.0, 'Firm_CT': 1.0, 'Firm_Oil': 1.0}","{'Firm_Nuclear': 1.0, 'Firm_Coal': 1.0, 'Firm_CC': 10.0, 'Firm_CT': 1.0, 'Firm_Oil': 1.0}"
67,2020-07-03 18:00:00,6183.4,44.2559997,3500,230.0232519,286.91570820000004,284.05483039748583,False,"{'Firm_Nuclear': 1.0, 'Firm_Coal': 10.0, 'Firm_CC': 1.0, 'Firm_CT': 1.0, 'Firm_Oil': 1.0}","{'Firm_Nuclear': 1.0, 'Firm_Coal': 1.0, 'Firm_CC': 10.0, 'Firm_CT': 1.0, 'Firm_Oil': 1.0}"
68,2020-07-03 19:00:00,5998.3,40.20162924,3112,139.10476998000001,286.91570820000004,282.73596444570705,False,"{'Firm_Nuclear': 1.0, 'Firm_Coal': 6.0, 'Firm_CC': 1.0, 'Firm_CT': 1.0, 'Firm_Oil': 1.0}","{'Firm_Nuclear': 1.0, 'Firm_Coal': 1.0, 'Firm_CC': 10.0, 'Firm_CT': 1.0, 'Firm_Oil': 1.0}"
69,2020-07-03 20:00:00,5758.3,30.91117344,2928,282.0955554,282.0955554,282.0955554000001,False,"{'Firm_Nuclear': 1.0, 'Firm_Coal': 1.0, 'Firm_CC': 10.0, 'Firm_CT': 1.0, 'Firm_Oil': 1.0}","{'Firm_Nuclear': 1.0, 'Firm_Coal': 1.0, 'Firm_CC': 10.0, 'Firm_CT': 1.0, 'Firm_Oil': 1.0}"
70,2020-07-03 21:00:00,5376.1,30.84120348,1776,280.92938940000005,280.92938940000005,280.9293894000001,False,"{'Firm_Nuclear': 1.0, 'Firm_Coal': 1.0, 'Firm_CC': 10.0, 'Firm_CT': 1.0, 'Firm_Oil': 1.0}","{'Firm_Nuclear': 1.0, 'Firm_Coal': 1.0, 'Firm_CC': 10.0, 'Firm_CT': 1.0, 'Firm_Oil': 1.0}"
71,2020-07-03 22:00:00,4907.5,30.41360928,518,280.73502840000003,280.73502840000003,280.7350284,False,"{'Firm_Nuclear': 1.0, 'Firm_Coal': 1.0, 'Firm_CC': 10.0, 'Firm_CT': 1.0, 'Firm_Oil': 1.0}","{'Firm_Nuclear': 1.0, 'Firm_Coal': 1.0, 'Firm_CC': 10.0, 'Firm_CT': 1.0, 'Firm_Oil': 1.0}"
72,2020-07-03 23:00:00,4540.8,28.691570820000003,0,,,,False,,
73,2020-07-04 00:00:00,4230.0,28.691570820000003,324,42.31433331,42.31433331,42.31433331,False,"{'Firm_Nuclear': 1.0, 'Firm_Coal': 1.0, 'Firm_CC': 1.5, 'Firm_CT': 1.0, 'Firm_Oil': 1.0}","{'Firm_Nuclear': 1.0, 'Firm_Coal': 1.0, 'Firm_CC': 1.5, 'Firm_CT': 1.0, 'Firm_Oil': 1.0}"
74,2020-07-04 01:00:00,4002.1,28.20955554,324,42.31433331,42.31433331,42.31433331,False,"{'Firm_Nuclear': 1.0, 'Firm_Coal': 1.0, 'Firm_CC': 1.5, 'Firm_CT': 1.0, 'Firm_Oil': 1.0}","{'Firm_Nuclear': 1.0, 'Firm_Coal': 1.0, 'Firm_CC': 1.5, 'Firm_CT': 1.0, 'Firm_Oil': 1.0}"
75,2020-07-04 02:00:00,3827.1,28.20955554,324,42.13940841,42.13940841,42.139408409999994,False,"{'Firm_Nuclear': 1.0, 'Firm_Coal': 1.0, 'Firm_CC': 1.5, 'Firm_CT': 1.0, 'Firm_Oil': 1.0}","{'Firm_Nuclear': 1.0, 'Firm_Coal': 1.0, 'Firm_CC': 1.5, 'Firm_CT': 1.0, 'Firm_Oil': 1.0}"
76,2020-07-04 03:00:00,3727.1,28.092938940000003,324,42.13940841,42.13940841,42.139408409999994,False,"{'Firm_Nuclear': 1.0, 'Firm_Coal': 1.0, 'Firm_CC': 1.5, 'Firm_CT': 1.0, 'Firm_Oil': 1.0}","{'Firm_Nuclear': 1.0, 'Firm_Coal': 1.0, 'Firm_CC': 1.5, 'Firm_CT': 1.0, 'Firm_Oil': 1.0}"
77,2020-07-04 04:00:00,3651.3,28.092938940000003,324,42.13940841,42.13940841,42.139408409999994,False,"{'Firm_Nuclear': 1.0, 'Firm_Coal': 1.0, 'Firm_CC': 1.5, 'Firm_CT': 1.0, 'Firm_Oil': 1.0}","{'Firm_Nuclear': 1.0, 'Firm_Coal': 1.0, 'Firm_CC': 1.5, 'Firm_CT': 1.0, 'Firm_Oil': 1.0}"
78,2020-07-04 05:00:00,3640.1,28.092938940000003,324,42.13940841,42.13940841,42.139408409999994,False,"{'Firm_Nuclear': 1.0, 'Firm_Coal': 1.0, 'Firm_CC': 1.5, 'Firm_CT': 1.0, 'Firm_Oil': 1.0}","{'Firm_Nuclear': 1.0, 'Firm_Coal': 1.0, 'Firm_CC': 1.5, 'Firm_CT': 1.0, 'Firm_Oil': 1.0}"
79,2020-07-04 06:00:00,3940.1,28.20955554,324,42.13940841,42.13940841,42.139408409999994,False,"{'Firm_Nuclear': 1.0, 'Firm_Coal': 1.0, 'Firm_CC': 1.5, 'Firm_CT': 1.0, 'Firm_Oil': 1.0}","{'Firm_Nuclear': 1.0, 'Firm_Coal': 1.0, 'Firm_CC': 1.5, 'Firm_CT': 1.0, 'Firm_Oil': 1.0}"
80,2020-07-04 07:00:00,4413.3,28.691570820000003,138,43.03735623,47.47598742,45.73913173695652,False,"{'Firm_Nuclear': 1.0, 'Firm_Coal': 1.0, 'Firm_CC': 1.5, 'Firm_CT': 1.0, 'Firm_Oil': 1.0}","{'Firm_Nuclear': 1.0, 'Firm_Coal': 2.0, 'Firm_CC': 1.1, 'Firm_CT': 1.1, 'Firm_Oil': 1.0}"
81,2020-07-04 08:00:00,4906.5,30.41360928,518,280.73502840000003,280.73502840000003,280.7350284,False,"{'Firm_Nuclear': 1.0, 'Firm_Coal': 1.0, 'Firm_CC': 10.0, 'Firm_CT': 1.0, 'Firm_Oil': 1.0}","{'Firm_Nuclear': 1.0, 'Firm_Coal': 1.0, 'Firm_CC': 10.0, 'Firm_CT': 1.0, 'Firm_Oil': 1.0}"
82,2020-07-04 09:00:00,5355.3,30.84120348,1776,280.92938940000005,280.92938940000005,280.9293894000001,False,"{'Firm_Nuclear': 1.0, 'Firm_Coal': 1.0, 'Firm_CC': 10.0, 'Firm_CT': 1.0, 'Firm_Oil': 1.0}","{'Firm_Nuclear': 1.0, 'Firm_Coal': 1.0, 'Firm_CC': 10.0, 'Firm_CT': 1.0, 'Firm_Oil': 1.0}"
83,2020-07-04 10:00:00,5733.2,30.91117344,2640,282.0955554,282.0955554,282.0955554000001,False,"{'Firm_Nuclear': 1.0, 'Firm_Coal': 1.0, 'Firm_CC': 10.0, 'Firm_CT': 1.0, 'Firm_Oil': 1.0}","{'Firm_Nuclear': 1.0, 'Firm_Coal': 1.0, 'Firm_CC': 10.0, 'Firm_CT': 1.0, 'Firm_Oil': 1.0}"
84,2020-07-04 11:00:00,6075.3,40.20162924,3312,286.91570820000004,286.91570820000004,286.91570820000015,False,"{'Firm_Nuclear': 1.0, 'Firm_Coal': 1.0, 'Firm_CC': 10.0, 'Firm_CT': 1.0, 'Firm_Oil': 1.0}","{'Firm_Nuclear': 1.0, 'Firm_Coal': 1.0, 'Firm_CC': 10.0, 'Firm_CT': 1.0, 'Firm_Oil': 1.0}"
85,2020-07-04 12:00:00,6311.7,44.2559997,3830,231.8412833,286.91570820000004,280.1572278597912,False,"{'Firm_Nuclear': 1.0, 'Firm_Coal': 10.0, 'Firm_CC': 1.0, 'Firm_CT': 1.0, 'Firm_Oil': 1.0}","{'Firm_Nuclear': 1.0, 'Firm_Coal': 1.0, 'Firm_CC': 10.0, 'Firm_CT': 1.0, 'Firm_Oil': 1.0}"
86,2020-07-04 13:00:00,6533.9,46.89542208,4548,237.3799371,286.91570820000004,273.97628514221645,False,"{'Firm_Nuclear': 1.0, 'Firm_Coal': 10.0, 'Firm_CC': 1.0, 'Firm_CT': 1.0, 'Firm_Oil': 1.0}","{'Firm_Nuclear': 1.0, 'Firm_Coal': 1.0, 'Firm_CC': 10.0, 'Firm_CT': 1.0, 'Firm_Oil': 1.0}"
87,2020-07-04 14:00:00,6642.8,49.4648745,2184,237.3799371,304.1360928,265.62292605,False,"{'Firm_Nuclear': 1.0, 'Firm_Coal': 10.0, 'Firm_CC': 1.0, 'Firm_CT': 1.0, 'Firm_Oil': 1.0}","{'Firm_Nuclear': 1.0, 'Firm_Coal': 1.0, 'Firm_CC': 10.0, 'Firm_CT': 1.0, 'Firm_Oil': 2.0}"
88,2020-07-04 15:00:00,6621.9,49.4648745,2184,237.3799371,303.0097332,265.1463892961538,False,"{'Firm_Nuclear': 1.0, 'Firm_Coal': 10.0, 'Firm_CC': 1.0, 'Firm_CT': 1.0, 'Firm_Oil': 1.0}","{'Firm_Nuclear': 1.0, 'Firm_Coal': 1.0, 'Firm_CC': 10.0, 'Firm_CT': 1.0, 'Firm_Oil': 2.0}"
89,2020-07-04 16:00:00,6468.5,46.89542208,4224,237.3799371,286.91570820000004,276.783391384091,False,"{'Firm_Nuclear': 1.0, 'Firm_Coal': 10.0, 'Firm_CC': 1.0, 'Firm_CT': 1.0, 'Firm_Oil': 1.0}","{'Firm_Nuclear': 1.0, 'Firm_Coal': 1.0, 'Firm_CC': 10.0, 'Firm_CT': 1.0, 'Firm_Oil': 1.0}"
90,2020-07-04 17:00:00,6263.4,44.2559997,3808,231.8412833,286.91570820000004,280.4363640941178,False,"{'Firm_Nuclear': 1.0, 'Firm_Coal': 10.0, 'Firm_CC': 1.0, 'Firm_CT': 1.0, 'Firm_Oil': 1.0}","{'Firm_Nuclear': 1.0, 'Firm_Coal': 1.0, 'Firm_CC': 10.0, 'Firm_CT': 1.0, 'Firm_Oil': 1.0}"
91,2020-07-04 18:00:00,5995.4,40.20162924,3112,139.10476998000001,286.91570820000004,282.73596444570705,False,"{'Firm_Nuclear': 1.0, 'Firm_Coal': 6.0, 'Firm_CC': 1.0, 'Firm_CT': 1.0, 'Firm_Oil': 1.0}","{'Firm_Nuclear': 1.0, 'Firm_Coal': 1.0, 'Firm_CC': 10.0, 'Firm_CT': 1.0, 'Firm_Oil': 1.0}"
92,2020-07-04 19:00:00,5883.6,30.91117344,3005,138.01395114000002,282.0955554,280.70508401113483,False,"{'Firm_Nuclear': 1.0, 'Firm_Coal': 6.0, 'Firm_CC': 1.0, 'Firm_CT': 1.0, 'Firm_Oil': 1.0}","{'Firm_Nuclear': 1.0, 'Firm_Coal': 1.0, 'Firm_CC': 10.0, 'Firm_CT': 1.0, 'Firm_Oil': 1.0}"
93,2020-07-04 20:00:00,5660.1,30.91117344,2400,282.0955554,282.0955554,282.0955554000001,False,"{'Firm_Nuclear': 1.0, 'Firm_Coal': 1.0, 'Firm_CC': 10.0, 'Firm_CT': 1.0, 'Firm_Oil': 1.0}","{'Firm_Nuclear': 1.0, 'Firm_Coal': 1.0, 'Firm_CC': 10.0, 'Firm_CT': 1.0, 'Firm_Oil': 1.0}"
94,2020-07-04 21:00:00,5324.7,30.84120348,1776,280.92938940000005,280.92938940000005,280.9293894000001,False,"{'Firm_Nuclear': 1.0, 'Firm_Coal': 1.0, 'Firm_CC': 10.0, 'Firm_CT': 1.0, 'Firm_Oil': 1.0}","{'Firm_Nuclear': 1.0, 'Firm_Coal': 1.0, 'Firm_CC': 10.0, 'Firm_CT': 1.0, 'Firm_Oil': 1.0}"
95,2020-07-04 22:00:00,4894.8,30.41360928,510,280.73502840000003,280.73502840000003,280.7350283999999,False,"{'Firm_Nuclear': 1.0, 'Firm_Coal': 1.0, 'Firm_CC': 10.0, 'Firm_CT': 1.0, 'Firm_Oil': 1.0}","{'Firm_Nuclear': 1.0, 'Firm_Coal': 1.0, 'Firm_CC': 10.0, 'Firm_CT': 1.0, 'Firm_Oil': 1.0}"
96,2020-07-04 23:00:00,4533.2,28.691570820000003,0,,,,False,,
97,2020-07-05 00:00:00,4251.2,28.691570820000003,324,42.31433331,42.31433331,42.31433331,False,"{'Firm_Nuclear': 1.0, 'Firm_Coal': 1.0, 'Firm_CC': 1.5, 'Firm_CT': 1.0, 'Firm_Oil': 1.0}","{'Firm_Nuclear': 1.0, 'Firm_Coal': 1.0, 'Firm_CC': 1.5, 'Firm_CT': 1.0, 'Firm_Oil': 1.0}"
98,2020-07-05 01:00:00,4034.4,28.20955554,324,42.31433331,42.31433331,42.31433331,False,"{'Firm_Nuclear': 1.0, 'Firm_Coal': 1.0, 'Firm_CC': 1.5, 'Firm_CT': 1.0, 'Firm_Oil': 1.0}","{'Firm_Nuclear': 1.0, 'Firm_Coal': 1.0, 'Firm_CC': 1.5, 'Firm_CT': 1.0, 'Firm_Oil': 1.0}"
99,2020-07-05 02:00:00,3843.9,28.20955554,324,42.13940841,42.13940841,42.139408409999994,False,"{'Firm_Nuclear': 1.0, 'Firm_Coal': 1.0, 'Firm_CC': 1.5, 'Firm_CT': 1.0, 'Firm_Oil': 1.0}","{'Firm_Nuclear': 1.0, 'Firm_Coal': 1.0, 'Firm_CC': 1.5, 'Firm_CT': 1.0, 'Firm_Oil': 1.0}"
100,2020-07-05 03:00:00,3740.5,28.092938940000003,324,42.13940841,42.13940841,42.139408409999994,False,"{'Firm_Nuclear': 1.0, 'Firm_Coal': 1.0, 'Firm_CC': 1.5, 'Firm_CT': 1.0, 'Firm_Oil': 1.0}","{'Firm_Nuclear': 1.0, 'Firm_Coal': 1.0, 'Firm_CC': 1.5, 'Firm_CT': 1.0, 'Firm_Oil': 1.0}"
101,2020-07-05 04:00:00,3629.3,28.092938940000003,324,42.13940841,42.13940841,42.139408409999994,False,"{'Firm_Nuclear': 1.0, 'Firm_Coal': 1.0, 'Firm_CC': 1.5, 'Firm_CT': 1.0, 'Firm_Oil': 1.0}","{'Firm_Nuclear': 1.0, 'Firm_Coal': 1.0, 'Firm_CC': 1.5, 'Firm_CT': 1.0, 'Firm_Oil': 1.0}"
102,2020-07-05 05:00:00,3571.8,28.092938940000003,324,42.110254260000005,42.110254260000005,42.11025426000001,False,"{'Firm_Nuclear': 1.0, 'Firm_Coal': 1.0, 'Firm_CC': 1.5, 'Firm_CT': 1.0, 'Firm_Oil': 1.0}","{'Firm_Nuclear': 1.0, 'Firm_Coal': 1.0, 'Firm_CC': 1.5, 'Firm_CT': 1.0, 'Firm_Oil': 1.0}"
103,2020-07-05 06:00:00,3815.4,28.20955554,324,42.13940841,42.13940841,42.139408409999994,False,"{'Firm_Nuclear': 1.0, 'Firm_Coal': 1.0, 'Firm_CC': 1.5, 'Firm_CT': 1.0, 'Firm_Oil': 1.0}","{'Firm_Nuclear': 1.0, 'Firm_Coal': 1.0, 'Firm_CC': 1.5, 'Firm_CT': 1.0, 'Firm_Oil': 1.0}"
104,2020-07-05 07:00:00,4229.1,28.691570820000003,324,42.31433331,42.31433331,42.31433331,False,"{'Firm_Nuclear': 1.0, 'Firm_Coal': 1.0, 'Firm_CC': 1.5, 'Firm_CT': 1.0, 'Firm_Oil': 1.0}","{'Firm_Nuclear': 1.0, 'Firm_Coal': 1.0, 'Firm_CC': 1.5, 'Firm_CT': 1.0, 'Firm_Oil': 1.0}"
105,2020-07-05 08:00:00,4659.9,28.691570820000003,112,47.47598742,140.36751420000002,127.09729608857141,False,"{'Firm_Nuclear': 1.0, 'Firm_Coal': 2.0, 'Firm_CC': 1.1, 'Firm_CT': 1.0, 'Firm_Oil': 1.0}","{'Firm_Nuclear': 1.0, 'Firm_Coal': 1.0, 'Firm_CC': 5.0, 'Firm_CT': 1.0, 'Firm_Oil': 1.0}"
106,2020-07-05 09:00:00,5058.4,30.41360928,930,280.73502840000003,280.73502840000003,280.7350283999999,False,"{'Firm_Nuclear': 1.0, 'Firm_Coal': 1.0, 'Firm_CC': 10.0, 'Firm_CT': 1.0, 'Firm_Oil': 1.0}","{'Firm_Nuclear': 1.0, 'Firm_Coal': 1.0, 'Firm_CC': 10.0, 'Firm_CT': 1.0, 'Firm_Oil': 1.0}"
107,2020-07-05 10:00:00,5395.2,30.84120348,1872,280.92938940000005,280.92938940000005,280.9293894000001,False,"{'Firm_Nuclear': 1.0, 'Firm_Coal': 1.0, 'Firm_CC': 10.0, 'Firm_CT': 1.0, 'Firm_Oil': 1.0}","{'Firm_Nuclear': 1.0, 'Firm_Coal': 1.0, 'Firm_CC': 10.0, 'Firm_CT': 1.0, 'Firm_Oil': 1.0}"
108,2020-07-05 11:00:00,5649.0,30.91117344,2400,282.0955554,282.0955554,282.0955554000001,False,"{'Firm_Nuclear': 1.0, 'Firm_Coal': 1.0, 'Firm_CC': 10.0, 'Firm_CT': 1.0, 'Firm_Oil': 1.0}","{'Firm_Nuclear': 1.0, 'Firm_Coal': 1.0, 'Firm_CC': 10.0, 'Firm_CT': 1.0, 'Firm_Oil': 1.0}"
109,2020-07-05 12:00:00,5936.4,40.20162924,3082,138.01395114000002,282.0955554,279.38409107583396,False,"{'Firm_Nuclear': 1.0, 'Firm_Coal': 6.0, 'Firm_CC': 1.0, 'Firm_CT': 1.0, 'Firm_Oil': 1.0}","{'Firm_Nuclear': 1.0, 'Firm_Coal': 1.0, 'Firm_CC': 10.0, 'Firm_CT': 1.0, 'Firm_Oil': 1.0}"
110,2020-07-05 13:00:00,6109.3,44.2559997,3312,286.91570820000004,286.91570820000004,286.91570820000015,False,"{'Firm_Nuclear': 1.0, 'Firm_Coal': 1.0, 'Firm_CC': 10.0, 'Firm_CT': 1.0, 'Firm_Oil': 1.0}","{'Firm_Nuclear': 1.0, 'Firm_Coal': 1.0, 'Firm_CC': 10.0, 'Firm_CT': 1.0, 'Firm_Oil': 1.0}"
111,2020-07-05 14:00:00,6208.7,44.2559997,3720,230.0232519,286.91570820000004,281.40998662258073,False,"{'Firm_Nuclear': 1.0, 'Firm_Coal': 10.0, 'Firm_CC': 1.0, 'Firm_CT': 1.0, 'Firm_Oil': 1.0}","{'Firm_Nuclear': 1.0, 'Firm_Coal': 1.0, 'Firm_CC': 10.0, 'Firm_CT': 1.0, 'Firm_Oil': 1.0}"
112,2020-07-05 15:00:00,6204.0,44.2559997,3696,230.0232519,286.91570820000004,281.37423518376636,False,"{'Firm_Nuclear': 1.0, 'Firm_Coal': 10.0, 'Firm_CC': 1.0, 'Firm_CT': 1.0, 'Firm_Oil': 1.0}","{'Firm_Nuclear': 1.0, 'Firm_Coal': 1.0, 'Firm_CC': 10.0, 'Firm_CT': 1.0, 'Firm_Oil': 1.0}"
113,2020-07-05 16:00:00,6155.9,44.2559997,3458,230.0232519,286.91570820000004,284.51365538918463,False,"{'Firm_Nuclear': 1.0, 'Firm_Coal': 10.0, 'Firm_CC': 1.0, 'Firm_CT': 1.0, 'Firm_Oil': 1.0}","{'Firm_Nuclear': 1.0, 'Firm_Coal': 1.0, 'Firm_CC': 10.0, 'Firm_CT': 1.0, 'Firm_Oil': 1.0}"
114,2020-07-05 17:00:00,5963.3,40.20162924,3088,139.10476998000001,286.91570820000004,283.85226906590685,False,"{'Firm_Nuclear': 1.0, 'Firm_Coal': 6.0, 'Firm_CC': 1.0, 'Firm_CT': 1.0, 'Firm_Oil': 1.0}","{'Firm_Nuclear': 1.0, 'Firm_Coal': 1.0, 'Firm_CC': 10.0, 'Firm_CT': 1.0, 'Firm_Oil': 1.0}"
115,2020-07-05 18:00:00,5714.2,30.91117344,2592,282.0955554,282.0955554,282.0955554,False,"{'Firm_Nuclear': 1.0, 'Firm_Coal': 1.0, 'Firm_CC': 10.0, 'Firm_CT': 1.0, 'Firm_Oil': 1.0}","{'Firm_Nuclear': 1.0, 'Firm_Coal': 1.0, 'Firm_CC': 10.0, 'Firm_CT': 1.0, 'Firm_Oil': 1.0}"
116,2020-07-05 19:00:00,5653.0,30.91117344,2400,282.0955554,282.0955554,282.0955554000001,False,"{'Firm_Nuclear': 1.0, 'Firm_Coal': 1.0, 'Firm_CC': 10.0, 'Firm_CT': 1.0, 'Firm_Oil': 1.0}","{'Firm_Nuclear': 1.0, 'Firm_Coal': 1.0, 'Firm_CC': 10.0, 'Firm_CT': 1.0, 'Firm_Oil': 1.0}"
117,2020-07-05 20:00:00,5459.6,30.84120348,2208,280.92938940000005,280.92938940000005,280.92938940000005,False,"{'Firm_Nuclear': 1.0, 'Firm_Coal': 1.0, 'Firm_CC': 10.0, 'Firm_CT': 1.0, 'Firm_Oil': 1.0}","{'Firm_Nuclear': 1.0, 'Firm_Coal': 1.0, 'Firm_CC': 10.0, 'Firm_CT': 1.0, 'Firm_Oil': 1.0}"
118,2020-07-05 21:00:00,4953.9,30.41360928,858,280.73502840000003,280.73502840000003,280.7350284,False,"{'Firm_Nuclear': 1.0, 'Firm_Coal': 1.0, 'Firm_CC': 10.0, 'Firm_CT': 1.0, 'Firm_Oil': 1.0}","{'Firm_Nuclear': 1.0, 'Firm_Coal': 1.0, 'Firm_CC': 10.0, 'Firm_CT': 1.0, 'Firm_Oil': 1.0}"
119,2020-07-05 22:00:00,4744.1,28.691570820000003,154,48.39345908,140.36751420000002,129.61729996519477,False,"{'Firm_Nuclear': 1.0, 'Firm_Coal': 2.0, 'Firm_CC': 1.1, 'Firm_CT': 1.1, 'Firm_Oil': 1.0}","{'Firm_Nuclear': 1.0, 'Firm_Coal': 1.0, 'Firm_CC': 5.0, 'Firm_CT': 1.0, 'Firm_Oil': 1.0}"
120,2020-07-05 23:00:00,4411.7,28.691570820000003,138,43.03735623,47.47598742,45.73913173695652,False,"{'Firm_Nuclear': 1.0, 'Firm_Coal': 1.0, 'Firm_CC': 1.5, 'Firm_CT': 1.0, 'Firm_Oil': 1.0}","{'Firm_Nuclear': 1.0, 'Firm_Coal': 2.0, 'Firm_CC': 1.1, 'Firm_CT': 1.1, 'Firm_Oil': 1.0}"
121,2020-07-06 00:00:00,4163.0,28.691570820000003,324,42.31433331,42.31433331,42.31433331,False,"{'Firm_Nuclear': 1.0, 'Firm_Coal': 1.0, 'Firm_CC': 1.5, 'Firm_CT': 1.0, 'Firm_Oil': 1.0}","{'Firm_Nuclear': 1.0, 'Firm_Coal': 1.0, 'Firm_CC': 1.5, 'Firm_CT': 1.0, 'Firm_Oil': 1.0}"
122,2020-07-06 01:00:00,3986.1,28.20955554,324,42.31433331,42.31433331,42.31433331,False,"{'Firm_Nuclear': 1.0, 'Firm_Coal': 1.0, 'Firm_CC': 1.5, 'Firm_CT': 1.0, 'Firm_Oil': 1.0}","{'Firm_Nuclear': 1.0, 'Firm_Coal': 1.0, 'Firm_CC': 1.5, 'Firm_CT': 1.0, 'Firm_Oil': 1.0}"
123,2020-07-06 02:00:00,3867.9,28.20955554,324,42.13940841,42.13940841,42.139408409999994,False,"{'Firm_Nuclear': 1.0, 'Firm_Coal': 1.0, 'Firm_CC': 1.5, 'Firm_CT': 1.0, 'Firm_Oil': 1.0}","{'Firm_Nuclear': 1.0, 'Firm_Coal': 1.0, 'Firm_CC': 1.5, 'Firm_CT': 1.0, 'Firm_Oil': 1.0}"
124,2020-07-06 03:00:00,3834.1,28.20955554,324,42.13940841,42.13940841,42.139408409999994,False,"{'Firm_Nuclear': 1.0, 'Firm_Coal': 1.0, 'Firm_CC': 1.5, 'Firm_CT': 1.0, 'Firm_Oil': 1.0}","{'Firm_Nuclear': 1.0, 'Firm_Coal': 1.0, 'Firm_CC': 1.5, 'Firm_CT': 1.0, 'Firm_Oil': 1.0}"
125,2020-07-06 04:00:00,3832.0,28.20955554,324,42.13940841,42.13940841,42.139408409999994,False,"{'Firm_Nuclear': 1.0, 'Firm_Coal': 1.0, 'Firm_CC': 1.5, 'Firm_CT': 1.0, 'Firm_Oil': 1.0}","{'Firm_Nuclear': 1.0, 'Firm_Coal': 1.0, 'Firm_CC': 1.5, 'Firm_CT': 1.0, 'Firm_Oil': 1.0}"
126,2020-07-06 05:00:00,3869.7,28.20955554,324,42.13940841,42.13940841,42.139408409999994,False,"{'Firm_Nuclear': 1.0, 'Firm_Coal': 1.0, 'Firm_CC': 1.5, 'Firm_CT': 1.0, 'Firm_Oil': 1.0}","{'Firm_Nuclear': 1.0, 'Firm_Coal': 1.0, 'Firm_CC': 1.5, 'Firm_CT': 1.0, 'Firm_Oil': 1.0}"
127,2020-07-06 06:00:00,4126.0,28.20955554,324,42.31433331,42.31433331,42.31433331,False,"{'Firm_Nuclear': 1.0, 'Firm_Coal': 1.0, 'Firm_CC': 1.5, 'Firm_CT': 1.0, 'Firm_Oil': 1.0}","{'Firm_Nuclear': 1.0, 'Firm_Coal': 1.0, 'Firm_CC': 1.5, 'Firm_CT': 1.0, 'Firm_Oil': 1.0}"
128,2020-07-06 07:00:00,4482.9,28.691570820000003,0,,,,False,,
129,2020-07-06 08:00:00,4856.0,30.41360928,0,,,,False,,
130,2020-07-06 09:00:00,5231.8,30.84120348,1260,280.73502840000003,280.73502840000003,280.7350283999999,False,"{'Firm_Nuclear': 1.0, 'Firm_Coal': 1.0, 'Firm_CC': 10.0, 'Firm_CT': 1.0, 'Firm_Oil': 1.0}","{'Firm_Nuclear': 1.0, 'Firm_Coal': 1.0, 'Firm_CC': 10.0, 'Firm_CT': 1.0, 'Firm_Oil': 1.0}"
131,2020-07-06 10:00:00,5540.3,30.84120348,2304,280.92938940000005,280.92938940000005,280.92938940000005,False,"{'Firm_Nuclear': 1.0, 'Firm_Coal': 1.0, 'Firm_CC': 10.0, 'Firm_CT': 1.0, 'Firm_Oil': 1.0}","{'Firm_Nuclear': 1.0, 'Firm_Coal': 1.0, 'Firm_CC': 10.0, 'Firm_CT': 1.0, 'Firm_Oil': 1.0}"
132,2020-07-06 11:00:00,5839.7,30.91117344,2946,138.01395114000002,282.0955554,281.2152197324237,False,"{'Firm_Nuclear': 1.0, 'Firm_Coal': 6.0, 'Firm_CC': 1.0, 'Firm_CT': 1.0, 'Firm_Oil': 1.0}","{'Firm_Nuclear': 1.0, 'Firm_Coal': 1.0, 'Firm_CC': 10.0, 'Firm_CT': 1.0, 'Firm_Oil': 1.0}"
133,2020-07-06 12:00:00,6031.0,40.20162924,3216,286.91570820000004,286.91570820000004,286.9157082000001,False,"{'Firm_Nuclear': 1.0, 'Firm_Coal': 1.0, 'Firm_CC': 10.0, 'Firm_CT': 1.0, 'Firm_Oil': 1.0}","{'Firm_Nuclear': 1.0, 'Firm_Coal': 1.0, 'Firm_CC': 10.0, 'Firm_CT': 1.0, 'Firm_Oil': 1.0}"
134,2020-07-06 13:00:00,6111.2,44.2559997,3312,286.91570820000004,286.91570820000004,286.91570820000015,False,"{'Firm_Nuclear': 1.0, 'Firm_Coal': 1.0, 'Firm_CC': 10.0, 'Firm_CT': 1.0, 'Firm_Oil': 1.0}","{'Firm_Nuclear': 1.0, 'Firm_Coal': 1.0, 'Firm_CC': 10.0, 'Firm_CT': 1.0, 'Firm_Oil': 1.0}"
135,2020-07-06 14:00:00,6136.7,44.2559997,3438,230.0232519,286.91570820000004,284.8306443565446,False,"{'Firm_Nuclear': 1.0, 'Firm_Coal': 10.0, 'Firm_CC': 1.0, 'Firm_CT': 1.0, 'Firm_Oil': 1.0}","{'Firm_Nuclear': 1.0, 'Firm_Coal': 1.0, 'Firm_CC': 10.0, 'Firm_CT': 1.0, 'Firm_Oil': 1.0}"
136,2020-07-06 15:00:00,6131.5,44.2559997,3438,230.0232519,286.91570820000004,284.8306443565446,False,"{'Firm_Nuclear': 1.0, 'Firm_Coal': 10.0, 'Firm_CC': 1.0, 'Firm_CT': 1.0, 'Firm_Oil': 1.0}","{'Firm_Nuclear': 1.0, 'Firm_Coal': 1.0, 'Firm_CC': 10.0, 'Firm_CT': 1.0, 'Firm_Oil': 1.0}"
137,2020-07-06 16:00:00,6073.9,40.20162924,3312,286.91570820000004,286.91570820000004,286.91570820000015,False,"{'Firm_Nuclear': 1.0, 'Firm_Coal': 1.0, 'Firm_CC': 10.0, 'Firm_CT': 1.0, 'Firm_Oil': 1.0}","{'Firm_Nuclear': 1.0, 'Firm_Coal': 1.0, 'Firm_CC': 10.0, 'Firm_CT': 1.0, 'Firm_Oil': 1.0}"
138,2020-07-06 17:00:00,5824.7,30.91117344,2946,138.01395114000002,282.0955554,281.2152197324237,False,"{'Firm_Nuclear': 1.0, 'Firm_Coal': 6.0, 'Firm_CC': 1.0, 'Firm_CT': 1.0, 'Firm_Oil': 1.0}","{'Firm_Nuclear': 1.0, 'Firm_Coal': 1.0, 'Firm_CC': 10.0, 'Firm_CT': 1.0, 'Firm_Oil': 1.0}"
139,2020-07-06 18:00:00,5599.3,30.91117344,2400,282.0955554,282.0955554,282.0955554000001,False,"{'Firm_Nuclear': 1.0, 'Firm_Coal': 1.0, 'Firm_CC': 10.0, 'Firm_CT': 1.0, 'Firm_Oil': 1.0}","{'Firm_Nuclear': 1.0, 'Firm_Coal': 1.0, 'Firm_CC': 10.0, 'Firm_CT': 1.0, 'Firm_Oil': 1.0}"
140,2020-07-06 19:00:00,5548.2,30.84120348,2304,280.92938940000005,280.92938940000005,280.92938940000005,False,"{'Firm_Nuclear': 1.0, 'Firm_Coal': 1.0, 'Firm_CC': 10.0, 'Firm_CT': 1.0, 'Firm_Oil': 1.0}","{'Firm_Nuclear': 1.0, 'Firm_Coal': 1.0, 'Firm_CC': 10.0, 'Firm_CT': 1.0, 'Firm_Oil': 1.0}"
141,2020-07-06 20:00:00,5374.4,30.84120348,1776,280.92938940000005,280.92938940000005,280.9293894000001,False,"{'Firm_Nuclear': 1.0, 'Firm_Coal': 1.0, 'Firm_CC': 10.0, 'Firm_CT': 1.0, 'Firm_Oil': 1.0}","{'Firm_Nuclear': 1.0, 'Firm_Coal': 1.0, 'Firm_CC': 10.0, 'Firm_CT': 1.0, 'Firm_Oil': 1.0}"
142,2020-07-06 21:00:00,5031.0,30.41360928,963,280.73502840000003,280.73502840000003,280.7350283999999,False,"{'Firm_Nuclear': 1.0, 'Firm_Coal': 1.0, 'Firm_CC': 10.0, 'Firm_CT': 1.0, 'Firm_Oil': 1.0}","{'Firm_Nuclear': 1.0, 'Firm_Coal': 1.0, 'Firm_CC': 10.0, 'Firm_CT': 1.0, 'Firm_Oil': 1.0}"
143,2020-07-06 22:00:00,4648.3,28.691570820000003,112,47.47598742,140.36751420000002,127.09729608857141,False,"{'Firm_Nuclear': 1.0, 'Firm_Coal': 2.0, 'Firm_CC': 1.1, 'Firm_CT': 1.0, 'Firm_Oil': 1.0}","{'Firm_Nuclear': 1.0, 'Firm_Coal': 1.0, 'Firm_CC': 5.0, 'Firm_CT': 1.0, 'Firm_Oil': 1.0}"
144,2020-07-06 23:00:00,4320.4,28.691570820000003,108,43.03735623,43.03735623,43.03735623000001,False,"{'Firm_Nuclear': 1.0, 'Firm_Coal': 1.0, 'Firm_CC': 1.5, 'Firm_CT': 1.0, 'Firm_Oil': 1.0}","{'Firm_Nuclear': 1.0, 'Firm_Coal': 1.0, 'Firm_CC': 1.5, 'Firm_CT': 1.0, 'Firm_Oil': 1.0}"
145,2020-07-07 00:00:00,4079.1,28.20955554,324,42.31433331,42.31433331,42.31433331,False,"{'Firm_Nuclear': 1.0, 'Firm_Coal': 1.0, 'Firm_CC': 1.5, 'Firm_CT': 1.0, 'Firm_Oil': 1.0}","{'Firm_Nuclear': 1.0, 'Firm_Coal': 1.0, 'Firm_CC': 1.5, 'Firm_CT': 1.0, 'Firm_Oil': 1.0}"
146,2020-07-07 01:00:00,3890.1,28.20955554,324,42.13940841,42.13940841,42.139408409999994,False,"{'Firm_Nuclear': 1.0, 'Firm_Coal': 1.0, 'Firm_CC': 1.5, 'Firm_CT': 1.0, 'Firm_Oil': 1.0}","{'Firm_Nuclear': 1.0, 'Firm_Coal': 1.0, 'Firm_CC': 1.5, 'Firm_CT': 1.0, 'Firm_Oil': 1.0}"
147,2020-07-07 02:00:00,3769.8,28.092938940000003,324,42.13940841,42.13940841,42.139408409999994,False,"{'Firm_Nuclear': 1.0, 'Firm_Coal': 1.0, 'Firm_CC': 1.5, 'Firm_CT': 1.0, 'Firm_Oil': 1.0}","{'Firm_Nuclear': 1.0, 'Firm_Coal': 1.0, 'Firm_CC': 1.5, 'Firm_CT': 1.0, 'Firm_Oil': 1.0}"
148,2020-07-07 03:00:00,3681.2,28.092938940000003,324,42.13940841,42.13940841,42.139408409999994,False,"{'Firm_Nuclear': 1.0, 'Firm_Coal': 1.0, 'Firm_CC': 1.5, 'Firm_CT': 1.0, 'Firm_Oil': 1.0}","{'Firm_Nuclear': 1.0, 'Firm_Coal': 1.0, 'Firm_CC': 1.5, 'Firm_CT': 1.0, 'Firm_Oil': 1.0}"
149,2020-07-07 04:00:00,3629.6,28.092938940000003,324,42.13940841,42.13940841,42.139408409999994,False,"{'Firm_Nuclear': 1.0, 'Firm_Coal': 1.0, 'Firm_CC': 1.5, 'Firm_CT': 1.0, 'Firm_Oil': 1.0}","{'Firm_Nuclear': 1.0, 'Firm_Coal': 1.0, 'Firm_CC': 1.5, 'Firm_CT': 1.0, 'Firm_Oil': 1.0}"
150,2020-07-07 05:00:00,3589.3,28.092938940000003,324,42.110254260000005,42.110254260000005,42.11025426000001,False,"{'Firm_Nuclear': 1.0, 'Firm_Coal': 1.0, 'Firm_CC': 1.5, 'Firm_CT': 1.0, 'Firm_Oil': 1.0}","{'Firm_Nuclear': 1.0, 'Firm_Coal': 1.0, 'Firm_CC': 1.5, 'Firm_CT': 1.0, 'Firm_Oil': 1.0}"
151,2020-07-07 06:00:00,3704.9,28.092938940000003,324,42.13940841,42.13940841,42.139408409999994,False,"{'Firm_Nuclear': 1.0, 'Firm_Coal': 1.0, 'Firm_CC': 1.5, 'Firm_CT': 1.0, 'Firm_Oil': 1.0}","{'Firm_Nuclear': 1.0, 'Firm_Coal': 1.0, 'Firm_CC': 1.5, 'Firm_CT': 1.0, 'Firm_Oil': 1.0}"
152,2020-07-07 07:00:00,4003.0,28.20955554,324,42.31433331,42.31433331,42.31433331,False,"{'Firm_Nuclear': 1.0, 'Firm_Coal': 1.0, 'Firm_CC': 1.5, 'Firm_CT': 1.0, 'Firm_Oil': 1.0}","{'Firm_Nuclear': 1.0, 'Firm_Coal': 1.0, 'Firm_CC': 1.5, 'Firm_CT': 1.0, 'Firm_Oil': 1.0}"
153,2020-07-07 08:00:00,4392.7,28.691570820000003,54,43.03735623,43.03735623,43.037356230000015,False,"{'Firm_Nuclear': 1.0, 'Firm_Coal': 1.0, 'Firm_CC': 1.5, 'Firm_CT': 1.0, 'Firm_Oil': 1.0}","{'Firm_Nuclear': 1.0, 'Firm_Coal': 1.0, 'Firm_CC': 1.5, 'Firm_CT': 1.0, 'Firm_Oil': 1.0}"
154,2020-07-07 09:00:00,4727.3,28.691570820000003,144,47.47598742,140.36751420000002,135.20687382333332,False,"{'Firm_Nuclear': 1.0, 'Firm_Coal': 2.0, 'Firm_CC': 1.1, 'Firm_CT': 1.0, 'Firm_Oil': 1.0}","{'Firm_Nuclear': 1.0, 'Firm_Coal': 1.0, 'Firm_CC': 5.0, 'Firm_CT': 1.0, 'Firm_Oil': 1.0}"
155,2020-07-07 10:00:00,5049.0,30.41360928,963,280.73502840000003,280.73502840000003,280.7350283999999,False,"{'Firm_Nuclear': 1.0, 'Firm_Coal': 1.0, 'Firm_CC': 10.0, 'Firm_CT': 1.0, 'Firm_Oil': 1.0}","{'Firm_Nuclear': 1.0, 'Firm_Coal': 1.0, 'Firm_CC': 10.0, 'Firm_CT': 1.0, 'Firm_Oil': 1.0}"
156,2020-07-07 11:00:00,5331.7,30.84120348,1776,280.92938940000005,280.92938940000005,280.9293894000001,False,"{'Firm_Nuclear': 1.0, 'Firm_Coal': 1.0, 'Firm_CC': 10.0, 'Firm_CT': 1.0, 'Firm_Oil': 1.0}","{'Firm_Nuclear': 1.0, 'Firm_Coal': 1.0, 'Firm_CC': 10.0, 'Firm_CT': 1.0, 'Firm_Oil': 1.0}"
157,2020-07-07 12:00:00,5497.0,30.84120348,2256,280.92938940000005,280.92938940000005,280.92938940000005,False,"{'Firm_Nuclear': 1.0, 'Firm_Coal': 1.0, 'Firm_CC': 10.0, 'Firm_CT': 1.0, 'Firm_Oil': 1.0}","{'Firm_Nuclear': 1.0, 'Firm_Coal': 1.0, 'Firm_CC': 10.0, 'Firm_CT': 1.0, 'Firm_Oil': 1.0}"
158,2020-07-07 13:00:00,5570.5,30.91117344,2400,280.92938940000005,280.92938940000005,280.92938940000005,False,"{'Firm_Nuclear': 1.0, 'Firm_Coal': 1.0, 'Firm_CC': 10.0, 'Firm_CT': 1.0, 'Firm_Oil': 1.0}","{'Firm_Nuclear': 1.0, 'Firm_Coal': 1.0, 'Firm_CC': 10.0, 'Firm_CT': 1.0, 'Firm_Oil': 1.0}"
159,2020-07-07 14:00:00,5585.5,30.91117344,2400,280.92938940000005,280.92938940000005,280.92938940000005,False,"{'Firm_Nuclear': 1.0, 'Firm_Coal': 1.0, 'Firm_CC': 10.0, 'Firm_CT': 1.0, 'Firm_Oil': 1.0}","{'Firm_Nuclear': 1.0, 'Firm_Coal': 1.0, 'Firm_CC': 10.0, 'Firm_CT': 1.0, 'Firm_Oil': 1.0}"
160,2020-07-07 15:00:00,5566.2,30.91117344,2400,280.92938940000005,280.92938940000005,280.92938940000005,False,"{'Firm_Nuclear': 1.0, 'Firm_Coal': 1.0, 'Firm_CC': 10.0, 'Firm_CT': 1.0, 'Firm_Oil': 1.0}","{'Firm_Nuclear': 1.0, 'Firm_Coal': 1.0, 'Firm_CC': 10.0, 'Firm_CT': 1.0, 'Firm_Oil': 1.0}"
161,2020-07-07 16:00:00,5519.4,30.84120348,2304,280.92938940000005,280.92938940000005,280.92938940000005,False,"{'Firm_Nuclear': 1.0, 'Firm_Coal': 1.0, 'Firm_CC': 10.0, 'Firm_CT': 1.0, 'Firm_Oil': 1.0}","{'Firm_Nuclear': 1.0, 'Firm_Coal': 1.0, 'Firm_CC': 10.0, 'Firm_CT': 1.0, 'Firm_Oil': 1.0}"
162,2020-07-07 17:00:00,5325.6,30.84120348,1776,280.92938940000005,280.92938940000005,280.9293894000001,False,"{'Firm_Nuclear': 1.0, 'Firm_Coal': 1.0, 'Firm_CC': 10.0, 'Firm_CT': 1.0, 'Firm_Oil': 1.0}","{'Firm_Nuclear': 1.0, 'Firm_Coal': 1.0, 'Firm_CC': 10.0, 'Firm_CT': 1.0, 'Firm_Oil': 1.0}"
163,2020-07-07 18:00:00,5083.9,30.41360928,1188,280.73502840000003,280.73502840000003,280.7350284,False,"{'Firm_Nuclear': 1.0, 'Firm_Coal': 1.0, 'Firm_CC': 10.0, 'Firm_CT': 1.0, 'Firm_Oil': 1.0}","{'Firm_Nuclear': 1.0, 'Firm_Coal': 1.0, 'Firm_CC': 10.0, 'Firm_CT': 1.0, 'Firm_Oil': 1.0}"
164,2020-07-07 19:00:00,5029.3,30.41360928,930,280.73502840000003,280.73502840000003,280.7350283999999,False,"{'Firm_Nuclear': 1.0, 'Firm_Coal': 1.0, 'Firm_CC': 10.0, 'Firm_CT': 1.0, 'Firm_Oil': 1.0}","{'Firm_Nuclear': 1.0, 'Firm_Coal': 1.0, 'Firm_CC': 10.0, 'Firm_CT': 1.0, 'Firm_Oil': 1.0}"
165,2020-07-07 20:00:00,4847.4,30.41360928,0,,,,False,,
166,2020-07-07 21:00:00,4650.9,28.691570820000003,112,47.47598742,140.36751420000002,127.09729608857141,False,"{'Firm_Nuclear': 1.0, 'Firm_Coal': 2.0, 'Firm_CC': 1.1, 'Firm_CT': 1.0, 'Firm_Oil': 1.0}","{'Firm_Nuclear': 1.0, 'Firm_Coal': 1.0, 'Firm_CC': 5.0, 'Firm_CT': 1.0, 'Firm_Oil': 1.0}"
167,2020-07-07 22:00:00,4332.9,28.691570820000003,81,43.03735623,43.03735623,43.03735623,False,"{'Firm_Nuclear': 1.0, 'Firm_Coal': 1.0, 'Firm_CC': 1.5, 'Firm_CT': 1.0, 'Firm_Oil': 1.0}","{'Firm_Nuclear': 1.0, 'Firm_Coal': 1.0, 'Firm_CC': 1.5, 'Firm_CT': 1.0, 'Firm_Oil': 1.0}"
168,2020-07-07 23:00:00,4006.6,28.20955554,324,42.31433331,42.31433331,42.31433331,False,"{'Firm_Nuclear': 1.0, 'Firm_Coal': 1.0, 'Firm_CC': 1.5, 'Firm_CT': 1.0, 'Firm_Oil': 1.0}","{'Firm_Nuclear': 1.0, 'Firm_Coal': 1.0, 'Firm_CC': 1.5, 'Firm_CT': 1.0, 'Firm_Oil': 1.0}"
